TF	Target	SignedQuantile	NonzeroSubsamples(Stability)	pCorr	stroke	stroke-width	stroke-dasharray
Smad3	Ss18	1	50.63	0.627	rgb(224, 97, 98)	2	None
Tead3	Srgn	0.99439	50.56	0.557	rgb(223,111,112)	1.9986	None
Xbp1	Stab1	-0.99439	50.56	-5.6E-01	rgb( 95,143,238)	1.9986	None
L3mbtl3	Spsb1	0.99439	50.56	0.562	rgb(223,110,111)	1.9986	2,2
Ahrr	Ssh2	0.98878	50.53	0.53	rgb(223,116,117)	1.998	2,2
Plagl2	Sptlc1	-0.98317	50.52	-5.2E-01	rgb(104,148,237)	1.9978	2,2
Ar	Ss18	0.97756	50.51	0.515	rgb(223,119,120)	1.9976	None
Pcgf2	Stambp	0.97756	50.51	0.505	rgb(223,120,121)	1.9976	2,2
Zeb2	Srxn1	0.97756	50.51	0.505	rgb(223,120,121)	1.9976	2,2
Rela	Stambp	0.97194	50.49	0.488	rgb(222,124,125)	1.9972	None
Hmga2	Srsf12	0.96633	50.48	0.479	rgb(222,126,126)	1.997	2,2
Nkx3-1	Stap1	0.96633	50.48	0.478	rgb(222,126,127)	1.997	None
Zfp385a	St14	0.96633	50.48	0.481	rgb(222,125,126)	1.997	2,2
Deaf1	St14	-0.96072	50.47	-4.7E-01	rgb(116,156,235)	1.9968	2,2
Mafg	Ssbp4	-0.96072	50.47	-4.7E-01	rgb(116,155,235)	1.9968	None
Zfp263	Sra1	0.95511	50.46	0.458	rgb(222,130,131)	1.9966	None
Nr1d1	Stab1	0.9495	50.45	0.452	rgb(222,131,132)	1.9964	None
Foxp1	St8sia6	0.9495	50.45	0.45	rgb(222,131,132)	1.9964	2,2
Klf12	Srpk1	-0.94389	50.43	-4.3E-01	rgb(124,160,233)	1.996	None
Klf9	Sqstm1	-0.94389	50.43	-4.3E-01	rgb(125,161,233)	1.996	2,2
Tcf7l2	Srpk2	0.94389	50.43	0.434	rgb(222,134,135)	1.996	None
Litaf	Stab1	-0.94389	50.43	-4.3E-01	rgb(124,160,233)	1.996	2,2
Bcl6b	St3gal1	-0.93828	50.42	-4.2E-01	rgb(126,162,233)	1.9958	None
Egr3	Ssbp4	0.93828	50.42	0.418	rgb(222,137,138)	1.9958	None
E2f1	Srgn	-0.93267	50.41	-4.1E-01	rgb(128,163,233)	1.9956	None
Nr1d2	Stab1	0.93267	50.41	0.409	rgb(221,139,140)	1.9956	None
Spib	Stap1	0.93267	50.41	0.41	rgb(222,139,140)	1.9956	None
Srebf1	Sqle	0.93267	50.41	0.407	rgb(221,139,140)	1.9956	None
Klf9	Sqle	0.92706	50.4	0.401	rgb(221,140,141)	1.9954	None
Ar	Sra1	0.92144	50.39	0.386	rgb(221,143,144)	1.9952	None
Hif3a	Srgn	0.92144	50.39	0.389	rgb(221,143,143)	1.9952	None
Zscan10	Srpk1	0.92144	50.39	0.387	rgb(221,143,144)	1.9952	None
Foxc1	Ssh2	0.91583	50.38	0.383	rgb(221,144,145)	1.995	None
Nfe2l2	Ssbp4	0.91583	50.38	0.378	rgb(221,145,146)	1.995	None
Mesp2	St3gal1	0.91583	50.38	0.776	rgb(226, 69, 70)	1.995	2,2
Mbnl2	Sptlc1	-0.91022	50.37	-3.7E-01	rgb(138,169,231)	1.9948	2,2
Gata1	Srpk2	0.90461	50.36	0.36	rgb(221,148,149)	1.9946	None
Gata1	Stap1	0.90461	50.36	0.361	rgb(221,148,149)	1.9946	None
Nkx1-2	Sqle	0.90461	50.36	0.362	rgb(221,148,149)	1.9946	None
L3mbtl3	St14	0.90461	50.36	0.358	rgb(221,149,149)	1.9946	2,2
Satb1	Srgn	0.90461	50.36	0.363	rgb(221,148,148)	1.9946	2,2
Egr2	Srgap3	0.899	50.35	0.353	rgb(221,150,150)	1.9944	None
Ikzf4	Sqstm1	-0.899	50.35	-3.5E-01	rgb(141,171,230)	1.9944	2,2
Plagl1	Sspo	0.899	50.35	0.354	rgb(221,149,150)	1.9944	None
Rel	Srgap3	0.899	50.35	0.354	rgb(221,149,150)	1.9944	None
Sox5	Srpk2	0.899	50.35	0.352	rgb(221,150,151)	1.9944	None
Zfp831	Sspo	0.899	50.35	0.352	rgb(221,150,151)	1.9944	2,2
Bcl6	Srgap3	0.89339	50.34	0.339	rgb(221,152,153)	1.9942	None
Mafb	Srgap3	0.89339	50.34	0.345	rgb(221,151,152)	1.9942	None
Thrb	Stap1	0.89339	50.34	0.341	rgb(221,152,153)	1.9942	None
Zbtb7b	Sra1	-0.89339	50.34	-3.4E-01	rgb(143,172,230)	1.9942	None
L3mbtl3	Src	0.89339	50.34	0.34	rgb(221,152,153)	1.9942	2,2
Fli1	Ssh2	0.88778	50.33	0.333	rgb(221,153,154)	1.994	None
Hdx	St8sia6	0.88778	50.33	0.332	rgb(221,154,154)	1.994	None
Nkx1-2	Stap1	0.88778	50.33	0.33	rgb(221,154,155)	1.994	None
Nr4a3	Ssh2	-0.88217	50.32	-3.2E-01	rgb(147,174,229)	1.9938	2,2
Junb	Srgap3	0.87656	50.31	0.312	rgb(220,157,158)	1.9936	None
Mafg	Sqstm1	0.87656	50.31	0.308	rgb(220,158,159)	1.9936	None
Patz1	Ssbp4	0.87656	50.31	0.305	rgb(220,159,159)	1.9936	None
Hmga1	Stambp	0.87656	50.31	0.776	rgb(226, 69, 70)	1.9936	None
Klf10	Src	0.87656	50.31	0.776	rgb(226, 69, 70)	1.9936	None
Klf11	Src	0.87656	50.31	0.776	rgb(226, 69, 70)	1.9936	None
Egr2	Srpk1	0.87094	50.3	0.303	rgb(220,159,160)	1.9934	None
Glis3	Sptlc1	-0.87094	50.3	-3.0E-01	rgb(151,177,229)	1.9934	2,2
Six5	Srxn1	-0.87094	50.3	-3.0E-01	rgb(151,177,229)	1.9934	None
Smad3	Stab1	0.87094	50.3	0.301	rgb(220,159,160)	1.9934	2,2
Vax2	Sqle	0.87094	50.3	0.297	rgb(220,160,161)	1.9934	None
Zfp511	Sptlc1	-0.87094	50.3	-3.0E-01	rgb(153,178,228)	1.9934	2,2
Klf10	Sqle	0.87094	50.3	0.776	rgb(226, 69, 70)	1.9934	None
Klf11	Sqle	0.87094	50.3	0.776	rgb(226, 69, 70)	1.9934	None
Bhlhe41	Spsb1	-0.86533	50.29	-2.9E-01	rgb(155,179,228)	1.9931	2,2
Zfhx3	St7	0.86533	50.29	0.286	rgb(220,162,163)	1.9931	None
Zeb2	Srgap3	0.86533	50.29	0.293	rgb(220,161,162)	1.9931	2,2
Ets1	Srgap3	0.85972	50.27	0.269	rgb(220,166,166)	1.9927	None
Foxn2	Srpk2	0.85972	50.27	0.266	rgb(220,166,167)	1.9927	2,2
Mlxipl	Sra1	-0.85972	50.27	-2.7E-01	rgb(159,182,227)	1.9927	None
Zfp367	St3gal5	0.85972	50.27	0.266	rgb(220,166,167)	1.9927	2,2
Zfp667	Sptlc1	-0.85972	50.27	-2.7E-01	rgb(159,181,227)	1.9927	2,2
Pou2f2	Srgn	0.85411	50.26	0.263	rgb(220,167,167)	1.9925	None
Srebf2	St7	-0.85411	50.26	-2.6E-01	rgb(160,182,227)	1.9925	None
Dpf1	Stac2	0.85411	50.26	0.264	rgb(220,167,167)	1.9925	2,2
Maf	Srgn	0.8485	50.25	0.246	rgb(220,170,170)	1.9923	None
Mbnl2	St8sia6	0.8485	50.25	0.254	rgb(220,168,169)	1.9923	2,2
Klf7	Sqstm1	0.84289	50.24	0.245	rgb(220,170,171)	1.9921	None
Foxb1	Stap1	0.83728	50.23	0.232	rgb(220,173,173)	1.9919	None
Foxp3	Stac2	0.83728	50.23	0.231	rgb(220,173,173)	1.9919	None
Irf9	Sqstm1	0.83728	50.23	0.233	rgb(220,172,173)	1.9919	None
Npas4	Stac2	0.83728	50.23	0.227	rgb(219,174,174)	1.9919	None
Atmin	Ss18	-0.83728	50.23	-2.3E-01	rgb(166,186,226)	1.9919	2,2
Lyl1	Sptlc1	0.83167	50.22	0.776	rgb(226, 69, 70)	1.9917	None
Tal2	Sptlc1	0.83167	50.22	0.776	rgb(226, 69, 70)	1.9917	None
Ikzf4	Sra1	-0.82606	50.19	-1.9E-01	rgb(175,191,224)	1.9911	2,2
Snapc2	St6galnac1	-0.82606	50.19	-1.9E-01	rgb(175,191,224)	1.9911	2,2
Rxrb	St3gal1	0.82044	50.18	0.179	rgb(219,183,183)	1.9909	None
Bhlhe40	Spsb1	0.81483	50.17	0.175	rgb(219,184,184)	1.9907	None
Rreb1	Srgn	-0.80922	50.16	-1.6E-01	rgb(183,196,223)	1.9905	None
Bach1	Srxn1	0.80361	50.14	0.143	rgb(219,190,190)	1.9901	None
Foxp3	Sqstm1	0.798	50.12	0.119	rgb(218,194,194)	1.9897	None
Maff	Srgn	0.798	50.12	0.117	rgb(218,195,195)	1.9897	None
Srf	Srgn	0.798	50.12	0.117	rgb(218,195,195)	1.9897	None
Zfp148	Ssh2	0.798	50.12	0.119	rgb(218,194,194)	1.9897	None
Sox21	St3gal1	-0.79239	50.1	-1.0E-01	rgb(195,204,221)	1.9893	None
Cux1	Sspo	-0.78678	50.09	-8.7E-02	rgb(198,206,220)	1.9891	None
Hmg20b	Ssh2	-0.78117	50.07	-7.1E-02	rgb(202,208,220)	1.9887	2,2
Zfp263	St3gal1	0.77556	49.52	0.523	rgb(223,117,118)	1.9776	None
Smad3	Sspo	-0.77162	49.5	-5.0E-01	rgb(109,151,236)	1.9772	2,2
Zfp280b	Sspo	0.76769	49.49	0.491	rgb(222,123,124)	1.977	2,2
Mxd1	Spsb1	0.76376	49.44	0.442	rgb(222,133,133)	1.976	2,2
Tal2	Sspo	0.75983	49.43	0.432	rgb(222,134,135)	1.9758	2,2
Egr2	St3gal5	-0.7559	49.39	-3.9E-01	rgb(133,166,232)	1.975	None
Zfp219	Srgn	0.7559	49.39	0.385	rgb(221,143,144)	1.975	None
Prdm8	Sptlc1	0.75197	49.38	0.376	rgb(221,145,146)	1.9748	2,2
Zfp750	St7l	0.74803	49.36	0.357	rgb(221,149,149)	1.9744	2,2
Zfp277	Sra1	0.7441	49.35	0.345	rgb(221,151,152)	1.9742	2,2
Vax2	Sqstm1	-0.74017	49.34	-3.4E-01	rgb(144,173,230)	1.974	2,2
Ovol2	Srsf12	0.74017	49.34	0.345	rgb(221,151,152)	1.974	2,2
Foxf2	St3gal1	0.73624	49.33	0.326	rgb(221,155,155)	1.9738	None
Rfx2	Ssh2	-0.73624	49.33	-3.3E-01	rgb(145,173,230)	1.9738	2,2
Myt1l	Stambp	0.73231	49.32	0.324	rgb(221,155,156)	1.9736	2,2
Glis3	St18	-0.72838	49.31	-3.1E-01	rgb(150,176,229)	1.9734	2,2
Zfp182	Srxn1	0.72444	49.3	0.303	rgb(220,159,160)	1.9732	2,2
Atmin	Stap1	0.72444	49.3	0.296	rgb(220,160,161)	1.9732	2,2
Cebpg	Sqstm1	0.72051	49.29	0.288	rgb(220,162,163)	1.973	None
Mybl1	Sqstm1	-0.72051	49.29	-2.9E-01	rgb(154,179,228)	1.973	2,2
Runx1	Stap1	0.72051	49.29	0.288	rgb(220,162,163)	1.973	None
Tbx6	Sqle	-0.72051	49.29	-2.9E-01	rgb(153,178,228)	1.973	2,2
Ahr	St14	-0.71658	49.26	-2.6E-01	rgb(161,183,227)	1.9724	2,2
Klf5	Ssbp4	0.71658	49.26	0.258	rgb(220,168,168)	1.9724	None
Nfat5	Src	-0.71658	49.26	-2.6E-01	rgb(161,183,227)	1.9724	2,2
Nr4a3	Srgap3	0.71658	49.26	0.262	rgb(220,167,167)	1.9724	2,2
Foxp2	Srgap3	-0.71658	49.26	-2.6E-01	rgb(161,183,227)	1.9724	2,2
Zfp280b	Srgap3	-0.71658	49.26	-2.6E-01	rgb(161,183,227)	1.9724	2,2
Bcl11b	St8sia6	0.71265	49.25	0.252	rgb(220,169,169)	1.9722	None
Elk3	Ssh2	0.71265	49.25	0.245	rgb(220,170,171)	1.9722	None
Myc	St8sia6	-0.71265	49.25	-2.5E-01	rgb(162,184,227)	1.9722	None
Foxc1	Stap1	-0.70872	49.24	-2.4E-01	rgb(164,185,226)	1.972	None
Six1	Srpx2	0.70872	49.24	0.238	rgb(220,172,172)	1.972	None
Zfp334	Srxn1	0.70872	49.24	0.244	rgb(220,170,171)	1.972	2,2
Spib	Srpk2	0.70479	49.23	0.228	rgb(220,173,174)	1.9718	None
Srebf2	Sra1	-0.70479	49.23	-2.3E-01	rgb(166,186,226)	1.9718	None
Zfp809	Sqle	-0.70085	49.22	-2.2E-01	rgb(170,188,225)	1.9716	2,2
Rel	St8sia6	-0.69692	49.21	-2.1E-01	rgb(171,189,225)	1.9714	None
Lcor	Sra1	0.69299	49.19	0.194	rgb(219,180,180)	1.971	2,2
Nfat5	Stambp	0.69299	49.19	0.192	rgb(219,180,181)	1.971	None
Prox1	St3gal1	-0.69299	49.19	-1.9E-01	rgb(175,191,224)	1.971	2,2
Zfp369	Srpk2	0.69299	49.19	0.673	rgb(224, 88, 90)	1.971	None
Meis2	Sqstm1	-0.68906	49.17	-1.7E-01	rgb(181,195,223)	1.9706	None
Nfatc4	St3gal1	0.68513	49.14	0.136	rgb(218,191,191)	1.97	None
Gata3	Stap1	0.6812	49.1	0.104	rgb(218,197,197)	1.9692	None
Irf2	St8sia6	-0.67726	49.02	-1.7E-02	rgb(213,215,218)	1.9676	None
Rbck1	Srpk1	-0.67333	48.54	-5.4E-01	rgb( 99,145,238)	1.9579	2,2
Zfp11	Srpx2	-0.66978	48.53	-5.3E-01	rgb(102,147,237)	1.9577	2,2
Zfp719	Ss18	-0.66622	48.44	-4.4E-01	rgb(122,159,234)	1.9559	2,2
Zfp526	St7	-0.66267	48.4	-4.0E-01	rgb(129,164,232)	1.9551	2,2
Sp6	Stac2	0.66267	48.4	0.602	rgb(224,102,103)	1.9551	None
Zfp629	Ssh2	0.65911	48.35	0.355	rgb(221,149,150)	1.9541	2,2
Atf6	Stab1	0.65556	48.33	0.332	rgb(221,154,154)	1.9537	None
Bhlhe41	Sqle	0.652	48.32	0.323	rgb(221,155,156)	1.9535	2,2
Smad3	Src	0.652	48.32	0.323	rgb(221,155,156)	1.9535	None
Fosl2	Stac2	0.64844	48.29	0.29	rgb(220,162,162)	1.9529	None
Hoxb1	St6galnac1	0.64844	48.29	0.291	rgb(220,161,162)	1.9529	2,2
Thrb	Sptlc1	-0.64844	48.29	-2.9E-01	rgb(155,179,228)	1.9529	2,2
Hmgb1	Ssbp4	0.64844	48.29	0.288	rgb(220,162,162)	1.9529	2,2
Nr4a1	Ssh2	-0.64489	48.28	-2.8E-01	rgb(157,181,227)	1.9526	2,2
Dr1	Srpk1	-0.64133	48.26	-2.6E-01	rgb(160,182,227)	1.9522	2,2
Sohlh1	St18	0.63778	48.25	0.254	rgb(220,168,169)	1.952	2,2
Peg3	St18	0.63422	48.23	0.23	rgb(220,173,174)	1.9516	2,2
Glis3	Ssh2	0.63067	48.21	0.208	rgb(219,177,178)	1.9512	2,2
Zbtb33	Ss18	0.63067	48.21	0.206	rgb(219,178,178)	1.9512	None
Ascl2	Sra1	-0.62711	48.2	-2.0E-01	rgb(174,191,225)	1.951	2,2
Rfx7	Srxn1	0.62711	48.2	0.196	rgb(219,180,180)	1.951	2,2
Glis3	Spsb1	0.62356	48.17	0.168	rgb(219,185,185)	1.9504	2,2
Rfx2	Sqle	0.62356	48.17	0.174	rgb(219,184,184)	1.9504	2,2
Smad3	Spsb1	0.62356	48.17	0.168	rgb(219,185,185)	1.9504	2,2
Trp53	St14	0.62356	48.17	0.171	rgb(219,184,185)	1.9504	2,2
Nacc2	Sqle	-0.62	48.16	-1.6E-01	rgb(183,196,223)	1.9502	2,2
Hif1a	Stac2	0.61644	48.15	0.153	rgb(219,188,188)	1.95	2,2
Foxh1	Srpk1	0.61289	48.14	0.139	rgb(219,190,191)	1.9498	None
Gata1	St7	-0.61289	48.14	-1.4E-01	rgb(186,198,222)	1.9498	None
Mxi1	Ssbp4	0.60933	48.08	0.077	rgb(218,202,202)	1.9486	None
Nfe2	Src	0.60933	48.08	0.085	rgb(218,201,201)	1.9486	None
Skil	St3gal5	-0.60578	48.04	-4.3E-02	rgb(208,211,219)	1.9478	2,2
Dmtf1	Ss18	0.60222	47.6	0.599	rgb(224,103,104)	1.9389	2,2
Ebf1	St8sia6	0.59953	47.39	0.392	rgb(221,142,143)	1.9347	2,2
Zfp329	St7	-0.59684	47.33	-3.3E-01	rgb(146,174,230)	1.9335	2,2
Ikzf2	Srpk2	0.59415	47.32	0.318	rgb(221,156,157)	1.9333	None
Rxra	Stac2	0.59415	47.32	0.315	rgb(220,157,157)	1.9333	None
Bach1	Src	0.59146	47.29	0.29	rgb(220,162,162)	1.9327	None
Zfp184	Sptlc1	-0.59146	47.29	-2.9E-01	rgb(155,179,228)	1.9327	2,2
Tigd2	Spsb4	-0.58877	47.28	-2.8E-01	rgb(157,180,228)	1.9325	2,2
Hes5	Spsb1	-0.58608	47.27	-2.7E-01	rgb(158,181,227)	1.9323	2,2
Zeb1	Srxn1	-0.58608	47.27	-2.7E-01	rgb(159,181,227)	1.9323	2,2
Nfat5	Srgap3	0.58339	47.25	0.247	rgb(220,170,170)	1.9319	2,2
Zfp28	St3gal1	-0.5807	47.23	-2.3E-01	rgb(168,187,226)	1.9315	2,2
Nhlh1	Ssbp4	0.57801	47.22	0.216	rgb(219,176,176)	1.9313	None
Sox4	Stap1	0.57801	47.22	0.225	rgb(219,174,175)	1.9313	None
Jun	Srgn	0.57532	47.21	0.21	rgb(219,177,177)	1.9311	None
Tcf7l2	Srgn	-0.57263	47.2	-2.0E-01	rgb(173,190,225)	1.9309	None
Sox13	St14	-0.56994	47.18	-1.8E-01	rgb(177,193,224)	1.9305	2,2
Six5	St6galnac1	0.56725	47.15	0.149	rgb(219,189,189)	1.9299	None
Etv4	Spsb4	-0.56456	47.13	-1.3E-01	rgb(189,200,222)	1.9295	2,2
Batf	Ssh2	0.56187	47.12	0.117	rgb(218,195,195)	1.9293	None
Relb	St3gal1	0.55918	47.09	0.089	rgb(218,200,200)	1.9287	None
Ybx2	Sspo	0.55649	47.08	0.077	rgb(218,202,202)	1.9285	2,2
Irf1	Spsb4	-0.5538	47	-4.8E-03	rgb(216,216,217)	1.9269	None
Sox5	Sqle	-0.55111	46.45	-4.5E-01	rgb(120,158,234)	1.9158	2,2
Zfp444	Ssbp4	0.54831	46.44	0.436	rgb(222,134,135)	1.9156	2,2
Mxd1	Stap1	-0.54551	46.41	-4.1E-01	rgb(127,162,233)	1.915	2,2
Smad4	Stab1	0.54271	46.37	0.371	rgb(221,146,147)	1.9142	2,2
Prox2	Srgn	-0.54271	46.37	-3.7E-01	rgb(138,169,231)	1.9142	2,2
Srf	Sqstm1	0.5399	46.31	0.308	rgb(220,158,159)	1.913	2,2
Six3	Srpx2	0.5399	46.31	0.31	rgb(220,158,158)	1.913	2,2
Trerf1	Spsb1	0.5371	46.3	0.305	rgb(220,159,159)	1.9128	2,2
Zfp26	Stambp	-0.5371	46.3	-3.0E-01	rgb(153,178,228)	1.9128	2,2
Nfkb2	Srxn1	0.5343	46.29	0.288	rgb(220,162,163)	1.9126	2,2
Nr4a3	St18	0.5315	46.28	0.285	rgb(220,163,163)	1.9124	2,2
Irf5	Sqstm1	0.5287	46.27	0.27	rgb(220,165,166)	1.9121	None
Zbtb7a	St3gal5	0.5287	46.27	0.272	rgb(220,165,166)	1.9121	None
Irf1	Stap1	0.52589	46.23	0.231	rgb(220,173,173)	1.9113	None
Glis3	Sqle	-0.52309	46.22	-2.2E-01	rgb(169,188,225)	1.9111	2,2
Spib	Ssbp4	-0.52029	46.21	-2.1E-01	rgb(171,189,225)	1.9109	None
Tead1	Sptlc1	0.51749	46.2	0.2	rgb(219,179,179)	1.9107	2,2
Foxh1	St8sia6	0.51469	46.18	0.176	rgb(219,183,184)	1.9103	2,2
Rarg	Stap1	-0.51469	46.18	-1.8E-01	rgb(177,193,224)	1.9103	None
Zfp651	Sspo	0.51188	46.16	0.163	rgb(219,186,186)	1.9099	2,2
Myc	Sqstm1	-0.50908	46.15	-1.5E-01	rgb(184,197,223)	1.9097	None
Stat1	St3gal1	-0.50908	46.15	-1.5E-01	rgb(184,197,223)	1.9097	None
Fosl1	Stac2	0.50628	46.14	0.136	rgb(218,191,191)	1.9095	None
Stat3	Stambp	-0.50348	46.11	-1.1E-01	rgb(193,202,221)	1.9089	2,2
Zbtb7a	Ssbp4	0.50068	46.08	0.08	rgb(218,202,202)	1.9083	None
Stat3	St8sia6	0.49787	46.06	0.06	rgb(218,206,206)	1.9079	None
Rest	Ss18	-0.49507	46.05	-5.0E-02	rgb(206,210,219)	1.9077	None
Prdm1	Srgap3	-0.49227	46.04	-4.0E-02	rgb(208,212,219)	1.9075	None
Foxn2	Stap1	0.48947	46.03	0.034	rgb(217,211,211)	1.9073	None
Zfp707	Ss18	0.48667	45.47	0.467	rgb(222,128,129)	1.896	2,2
Tshz2	St14	-0.48383	45.4	-4.0E-01	rgb(131,165,232)	1.8946	2,2
Srf	Sra1	0.48099	45.37	0.371	rgb(221,146,147)	1.894	2,2
Mafg	St3gal5	0.47815	45.35	0.351	rgb(221,150,151)	1.8936	2,2
Atmin	Spsb1	-0.47531	45.3	-3.0E-01	rgb(153,178,228)	1.8926	2,2
Fosl2	Spsb1	0.47247	45.29	0.294	rgb(220,161,161)	1.8924	2,2
Nr4a1	St6galnac1	0.46963	45.28	0.279	rgb(220,164,164)	1.8922	2,2
Nr4a2	Srpk2	0.46679	45.27	0.268	rgb(220,166,166)	1.892	2,2
Rreb1	Stac2	-0.46679	45.27	-2.7E-01	rgb(159,182,227)	1.892	2,2
Klf7	St7	-0.46395	45.26	-2.6E-01	rgb(160,183,227)	1.8918	None
Zfp281	Ssh2	0.46395	45.26	0.259	rgb(220,168,168)	1.8918	None
Foxb1	Stab1	-0.46111	45.24	-2.4E-01	rgb(164,185,226)	1.8914	2,2
Hsf2	St6galnac1	-0.46111	45.24	-2.4E-01	rgb(166,186,226)	1.8914	2,2
Atf3	Stab1	0.45827	45.21	0.208	rgb(219,177,178)	1.8908	None
Zfp182	Src	-0.45827	45.21	-2.1E-01	rgb(171,189,225)	1.8908	2,2
Zfp651	St3gal1	0.45543	45.15	0.15	rgb(219,188,189)	1.8896	2,2
Ncoa1	Ssh2	0.45259	45.14	0.143	rgb(219,190,190)	1.8894	2,2
Arid5a	Ssh2	-0.44975	45.13	-1.3E-01	rgb(189,200,222)	1.8892	None
Rreb1	Sra1	-0.44975	45.13	-1.3E-01	rgb(188,199,222)	1.8892	None
Hes1	Srpk2	-0.44691	45.11	-1.1E-01	rgb(192,202,221)	1.8888	None
Zfp263	Stac2	0.44407	45.09	0.09	rgb(218,200,200)	1.8884	None
Stat3	St3gal1	-0.44123	45.07	-7.5E-02	rgb(201,207,220)	1.888	None
Elf1	St7l	-0.4384	45.04	-4.5E-02	rgb(207,211,219)	1.8874	None
Myc	St7	0.43556	44.57	0.568	rgb(223,108,110)	1.8779	None
Tef	Srpk1	0.4332	44.44	0.437	rgb(222,134,134)	1.8753	None
Tcf7l2	Spsb4	0.43085	44.33	0.33	rgb(221,154,155)	1.8731	None
Ski	Ssbp4	0.43085	44.33	0.334	rgb(221,153,154)	1.8731	2,2
Mitf	Ssh2	0.4285	44.31	0.306	rgb(220,159,159)	1.8727	None
Sp4	Spsb1	0.42614	44.3	0.296	rgb(220,160,161)	1.8725	None
Bcl6	Ssbp4	0.42379	44.26	0.262	rgb(220,167,168)	1.8717	None
Zfp105	St3gal1	-0.42144	44.24	-2.4E-01	rgb(165,186,226)	1.8712	None
Glis2	Stac2	-0.41908	44.22	-2.2E-01	rgb(170,189,225)	1.8708	2,2
Zfp651	Srpk1	-0.41673	44.16	-1.6E-01	rgb(181,195,223)	1.8696	2,2
Egr1	Sqle	0.41438	44.15	0.154	rgb(219,188,188)	1.8694	None
Maf	Src	-0.41203	44.14	-1.4E-01	rgb(187,199,222)	1.8692	None
Atf3	St8sia6	0.40967	44.12	0.125	rgb(218,193,193)	1.8688	None
Hif3a	Srpx2	0.40732	44.1	0.1	rgb(218,198,198)	1.8684	2,2
Rara	Sspo	0.40497	44.09	0.095	rgb(218,199,199)	1.8682	None
Zfp667	Srsf12	0.40261	44.05	0.054	rgb(218,207,207)	1.8674	2,2
Atf3	St14	0.40026	44.04	0.039	rgb(217,209,210)	1.8672	2,2
Zfp219	Ssbp4	0.39791	44.03	0.03	rgb(217,211,211)	1.867	None
Fosb	Sqstm1	0.39556	43.36	0.362	rgb(221,148,149)	1.8535	None
Naif1	St7l	0.39556	43.36	0.361	rgb(221,148,149)	1.8535	2,2
Zfp524	Stab1	0.39278	43.33	0.331	rgb(221,154,155)	1.8529	2,2
Nfatc2	Ss18	-0.39	43.32	-3.2E-01	rgb(148,175,229)	1.8527	2,2
Jdp2	Srgn	-0.38722	43.29	-2.9E-01	rgb(154,179,228)	1.8521	2,2
Litaf	St8sia6	0.38722	43.29	0.287	rgb(220,162,163)	1.8521	2,2
Gata3	St14	-0.38444	43.26	-2.6E-01	rgb(160,182,227)	1.8515	2,2
Six5	St8sia6	0.38167	43.24	0.237	rgb(220,172,172)	1.8511	2,2
Zbtb7a	Sptlc1	-0.37889	43.19	-1.9E-01	rgb(176,192,224)	1.8501	None
Zfp575	Stac2	0.37889	43.19	0.189	rgb(219,181,181)	1.8501	2,2
Nfe2l2	Ssh2	-0.37611	43.17	-1.7E-01	rgb(180,195,223)	1.8497	None
Zhx3	Srgap3	-0.37333	43.16	-1.6E-01	rgb(181,195,223)	1.8495	2,2
Pou2f2	Srpk2	0.37056	43.14	0.139	rgb(219,190,191)	1.8491	None
Trp73	St3gal5	-0.36778	43.13	-1.3E-01	rgb(189,200,222)	1.8489	None
Fli1	Sra1	0.365	43.1	0.095	rgb(218,199,199)	1.8483	None
Trp73	Sspo	0.36222	42.4	0.401	rgb(221,140,141)	1.8342	None
Gm14326	Srpk2	-0.35905	42.36	-3.6E-01	rgb(139,169,231)	1.8334	2,2
Pknox1	Srpk1	0.35587	42.34	0.336	rgb(221,153,153)	1.833	None
Npas4	Sptlc1	-0.3527	42.33	-3.3E-01	rgb(144,173,230)	1.8328	2,2
Scmh1	St8sia6	0.34952	42.24	0.242	rgb(220,171,171)	1.8309	2,2
Zfp184	Srsf12	0.34635	42.19	0.19	rgb(219,181,181)	1.8299	2,2
Bcl6b	Src	0.34317	42.17	0.168	rgb(219,185,185)	1.8295	None
Klf12	Ssbp4	0.34317	42.17	0.165	rgb(219,185,186)	1.8295	None
Zbtb6	St14	-0.34317	42.17	-1.7E-01	rgb(180,195,223)	1.8295	2,2
Foxb1	Srpk2	0.34	42.15	0.15	rgb(219,188,189)	1.8291	2,2
Zic2	St14	0.34	42.15	0.149	rgb(219,189,189)	1.8291	2,2
Rora	Stab1	0.33683	42.14	0.143	rgb(219,190,190)	1.8289	None
Snapc2	Sqstm1	0.33683	42.14	0.143	rgb(219,190,190)	1.8289	2,2
Ebf1	St18	0.33365	42.12	0.124	rgb(218,193,193)	1.8285	2,2
Maf	Ssh2	0.33365	42.12	0.122	rgb(218,194,194)	1.8285	None
Myc	Sqle	0.33365	42.12	0.116	rgb(218,195,195)	1.8285	2,2
Gli1	Sptlc1	0.33048	42.11	0.108	rgb(218,196,197)	1.8283	None
Stat4	St3gal1	-0.3273	42.09	-9.2E-02	rgb(197,205,220)	1.8279	None
Six5	Srgap3	-0.32413	42.07	-7.4E-02	rgb(201,207,220)	1.8275	None
Mafg	St8sia6	0.32095	42.06	0.058	rgb(218,206,206)	1.8273	None
Hif1a	Sra1	0.31778	41.36	0.363	rgb(221,148,148)	1.8132	2,2
Setdb2	St8sia6	0.3142	41.3	0.301	rgb(220,159,160)	1.812	2,2
Tshz2	St8sia6	-0.3142	41.3	-3.0E-01	rgb(151,177,229)	1.812	2,2
Tead1	Spsb1	-0.31062	41.28	-2.8E-01	rgb(157,181,227)	1.8116	2,2
Zfp296	Ss18	-0.31062	41.28	-2.8E-01	rgb(156,180,228)	1.8116	2,2
Zfp354c	Srsf12	0.31062	41.28	0.28	rgb(220,164,164)	1.8116	2,2
Zfp618	Sqle	0.31062	41.28	0.276	rgb(220,164,165)	1.8116	2,2
Klf13	Stambp	-0.30704	41.27	-2.7E-01	rgb(159,182,227)	1.8114	None
Rreb1	Src	0.30704	41.27	0.274	rgb(220,165,165)	1.8114	None
Trp53	Srpk1	-0.30704	41.27	-2.7E-01	rgb(158,181,227)	1.8114	2,2
Gata1	Stac2	0.30346	41.26	0.264	rgb(220,167,167)	1.8112	2,2
Gata3	Srpk1	0.30346	41.26	0.256	rgb(220,168,169)	1.8112	None
Hdx	Sspo	0.29988	41.25	0.254	rgb(220,168,169)	1.811	2,2
Mbnl2	Srsf12	0.2963	41.23	0.226	rgb(219,174,174)	1.8106	2,2
E4f1	Srpk1	0.29272	41.19	0.195	rgb(219,180,180)	1.8098	None
Zfhx3	St18	0.28914	41.18	0.184	rgb(219,182,182)	1.8096	2,2
Hmx2	Sptlc1	-0.28556	41.16	-1.6E-01	rgb(183,196,223)	1.8092	None
Rxra	Src	0.28198	41.15	0.151	rgb(219,188,188)	1.809	None
Bcl11b	St14	0.2784	41.14	0.141	rgb(219,190,190)	1.8088	2,2
Maff	St7	-0.27481	41.13	-1.3E-01	rgb(190,200,222)	1.8086	None
Nfat5	Stap1	0.27481	41.13	0.127	rgb(218,193,193)	1.8086	None
Sgsm2	Spsb1	-0.27481	41.13	-1.3E-01	rgb(189,200,222)	1.8086	2,2
Zbtb1	Srpk2	0.27123	41.1	0.101	rgb(218,198,198)	1.808	2,2
Zbtb3	Srgap3	0.27123	41.1	0.104	rgb(218,197,197)	1.808	2,2
Zfp879	Srsf12	0.26765	41.08	0.08	rgb(218,202,202)	1.8076	2,2
Gabpa	Stac2	-0.26407	41.06	-5.9E-02	rgb(204,209,219)	1.8072	None
Irf7	Sptlc1	-0.26407	41.06	-6.0E-02	rgb(204,209,219)	1.8072	None
Zeb1	Srpk2	-0.26049	41.03	-3.2E-02	rgb(210,213,218)	1.8066	None
Rest	Src	0.25691	41.02	0.019	rgb(217,213,213)	1.8064	None
Irf4	St3gal5	0.25333	40.52	0.522	rgb(223,117,118)	1.7963	None
Mga	Sspo	0.25034	40.43	0.426	rgb(222,136,137)	1.7945	2,2
Zfp148	St14	-0.24734	40.41	-4.1E-01	rgb(128,163,233)	1.7941	2,2
Zfp628	Ssbp4	-0.24435	40.39	-3.9E-01	rgb(132,165,232)	1.7937	2,2
Cbx2	St3gal5	0.24135	40.36	0.365	rgb(221,147,148)	1.7931	2,2
Zfp719	Srpk1	-0.23836	40.35	-3.5E-01	rgb(140,170,230)	1.7929	2,2
Creb3l1	Stambp	0.23536	40.32	0.322	rgb(221,155,156)	1.7923	2,2
Nr1h2	Sqle	-0.23536	40.32	-3.2E-01	rgb(147,175,229)	1.7923	2,2
Peg3	St6galnac1	0.23536	40.32	0.322	rgb(221,155,156)	1.7923	2,2
Zfp219	St3gal5	0.23237	40.31	0.305	rgb(220,159,159)	1.7921	None
Zbtb44	St6galnac1	-0.22937	40.28	-2.8E-01	rgb(155,179,228)	1.7915	2,2
Zfp345	St18	0.22937	40.28	0.275	rgb(220,164,165)	1.7915	2,2
Nr1d1	Stambp	-0.22638	40.26	-2.6E-01	rgb(162,183,227)	1.7911	2,2
Klf10	Srpx2	0.22638	40.26	0.184	rgb(219,182,182)	1.7911	2,2
Klf11	Srpx2	0.22638	40.26	0.184	rgb(219,182,182)	1.7911	2,2
Msc	Srxn1	-0.22338	40.25	-2.5E-01	rgb(163,184,226)	1.7909	2,2
Foxp1	St3gal5	0.22338	40.25	0.184	rgb(219,182,182)	1.7909	2,2
Foxp2	St3gal5	0.22338	40.25	0.184	rgb(219,182,182)	1.7909	2,2
Foxp4	St3gal5	0.22338	40.25	0.184	rgb(219,182,182)	1.7909	2,2
Lhx6	St14	0.22039	40.23	0.226	rgb(219,174,174)	1.7904	2,2
Elf1	Ss18	0.21739	40.2	0.2	rgb(219,179,179)	1.7898	None
Foxp2	Spsb4	0.2144	40.19	0.189	rgb(219,181,181)	1.7896	2,2
Egr2	St7	-0.2114	40.16	-1.6E-01	rgb(182,195,223)	1.789	None
Zbtb32	Ss18	-0.2114	40.16	-1.6E-01	rgb(183,196,223)	1.789	2,2
Sox21	St8sia6	-0.20841	40.14	-1.4E-01	rgb(186,198,222)	1.7886	2,2
Ppard	Srxn1	0.20541	40.13	0.133	rgb(218,192,192)	1.7884	2,2
Hoxb1	Sptlc1	0.20242	40.11	0.114	rgb(218,195,196)	1.788	2,2
Ovol1	Srpk1	0.20242	40.11	0.11	rgb(218,196,196)	1.788	2,2
Heyl	Sptlc1	0.19942	40.1	0.098	rgb(218,198,198)	1.7878	2,2
Irf5	Stap1	0.19643	40.08	0.078	rgb(218,202,202)	1.7874	None
Meis3	St7	0.19343	40.07	0.065	rgb(218,205,205)	1.7872	None
Rreb1	Srpk1	0.19043	40.03	0.032	rgb(217,211,211)	1.7864	None
Tcf12	Sqstm1	0.19043	40.03	0.028	rgb(217,212,212)	1.7864	None
Foxq1	Stap1	-0.18744	40.01	-1.4E-02	rgb(214,215,218)	1.786	None
Thap3	Srsf12	0.18444	39.43	0.426	rgb(222,136,136)	1.7743	2,2
Nfic	St7l	-0.18104	39.37	-3.7E-01	rgb(136,168,231)	1.7731	2,2
Zfp11	Srsf12	-0.17763	39.31	-3.1E-01	rgb(149,176,229)	1.7719	2,2
Prox1	Sspo	0.17422	39.28	0.283	rgb(220,163,163)	1.7713	2,2
Zmat1	Srpx2	-0.17422	39.28	-2.8E-01	rgb(156,180,228)	1.7713	2,2
Tcf7l1	Srxn1	-0.17081	39.25	-2.5E-01	rgb(163,184,226)	1.7707	None
Zfp791	Sspo	0.17081	39.25	0.251	rgb(220,169,169)	1.7707	2,2
Zfp956	Sqle	-0.17081	39.25	-2.5E-01	rgb(163,184,227)	1.7707	2,2
Mxi1	Sqstm1	0.16741	39.21	0.213	rgb(219,176,177)	1.7699	None
Foxp1	Srxn1	-0.16741	39.21	-2.1E-01	rgb(171,189,225)	1.7699	2,2
Mxi1	Srpk2	-0.164	39.18	-1.8E-01	rgb(178,193,224)	1.7693	2,2
Jdp2	St7	0.16059	39.17	0.174	rgb(219,184,184)	1.7691	None
Tcf7l2	Sra1	-0.16059	39.17	-1.7E-01	rgb(180,194,224)	1.7691	2,2
Litaf	St14	0.15719	39.16	0.159	rgb(219,187,187)	1.7689	2,2
Mlxipl	Srxn1	-0.15378	39.13	-1.3E-01	rgb(188,199,222)	1.7683	2,2
Fosl1	Ss18	-0.15037	39.1	-9.8E-02	rgb(196,204,221)	1.7677	None
Stat1	St8sia6	-0.14696	39.09	-8.8E-02	rgb(198,205,220)	1.7675	None
Sox21	Ssh2	-0.14356	39.06	-6.4E-02	rgb(203,209,219)	1.7669	None
Zfp105	Srgn	0.14356	39.06	0.065	rgb(218,205,205)	1.7669	None
Satb2	St18	0.14356	39.06	0.057	rgb(218,206,206)	1.7669	2,2
Jun	St18	-0.14015	39.03	-3.2E-02	rgb(210,213,218)	1.7663	None
Sp6	Stambp	0.14015	39.03	0.133	rgb(218,192,192)	1.7663	None
Gata2	Ssh2	-0.13674	39.02	-2.0E-02	rgb(213,214,218)	1.7661	None
Dlx3	Stambp	0.13333	38.34	0.337	rgb(221,153,153)	1.7524	2,2
Tulp2	Srxn1	0.13059	38.25	0.255	rgb(220,168,169)	1.7506	2,2
Bcl6b	Stac2	0.12784	38.24	0.235	rgb(220,172,173)	1.7504	None
Fosl2	Srpk1	-0.1251	38.21	-2.1E-01	rgb(172,189,225)	1.7497	None
Zfp91	Srsf12	-0.1251	38.21	-2.1E-01	rgb(172,190,225)	1.7497	2,2
Nfkb1	Sqstm1	0.12235	38.2	0.199	rgb(219,179,179)	1.7495	None
Glis3	Ss18	0.11961	38.18	0.18	rgb(219,183,183)	1.7491	2,2
Cebpg	St3gal1	-0.11686	38.17	-1.7E-01	rgb(179,194,224)	1.7489	2,2
Thap7	Sra1	0.11686	38.17	0.169	rgb(219,185,185)	1.7489	2,2
Gata1	St3gal1	0.11412	38.14	0.14	rgb(219,190,191)	1.7483	None
Sp6	Src	0.11137	38.13	0.13	rgb(218,192,192)	1.7481	2,2
Zfp532	St18	0.11137	38.13	0.132	rgb(218,192,192)	1.7481	2,2
Zbtb44	St8sia6	0.10863	38.11	0.111	rgb(218,196,196)	1.7477	2,2
Hdx	Ss18	0.10588	38.08	0.081	rgb(218,201,202)	1.7471	None
Fos	Srpk1	-0.10314	38.07	-7.3E-02	rgb(201,207,220)	1.7469	None
Rbpj	Srpk1	0.10039	38.05	0.052	rgb(218,207,207)	1.7465	None
Stat4	Srgap3	-0.10039	38.05	-4.9E-02	rgb(206,211,219)	1.7465	None
Irf4	Spsb4	0.097647	38.04	0.044	rgb(217,209,209)	1.7463	None
Elf1	Stap1	0.094902	38.02	0.016	rgb(217,214,214)	1.7459	None
Nfat5	St18	0.092157	38.01	0.008	rgb(217,216,216)	1.7457	None
Myc	Ss18	0.089412	38	0.001	rgb(217,217,217)	1.7455	None
Zfp955b	St3gal5	-0.086667	37.47	-4.7E-01	rgb(116,155,235)	1.7348	2,2
Cebpb	St7l	0.083419	37.34	0.335	rgb(221,153,154)	1.7322	2,2
Zfp709	Sptlc1	0.083419	37.34	0.336	rgb(221,153,153)	1.7322	2,2
Bbx	St3gal5	0.080171	37.25	0.25	rgb(220,169,170)	1.7304	2,2
Zfp426	Srxn1	0.076923	37.22	0.225	rgb(219,174,174)	1.7298	2,2
Bcl11b	Srpk1	-0.073675	37.21	-2.1E-01	rgb(171,189,225)	1.7296	2,2
Ybx2	Stambp	0.073675	37.21	0.206	rgb(219,178,178)	1.7296	2,2
Dbp	Spsb4	0.070427	37.19	0.193	rgb(219,180,181)	1.7292	2,2
Hbp1	Stap1	0.070427	37.19	0.185	rgb(219,182,182)	1.7292	None
Prrx1	Srpx2	0.067179	37.17	0.169	rgb(219,185,185)	1.7288	2,2
Sp9	Spsb4	0.067179	37.17	0.174	rgb(219,184,184)	1.7288	2,2
Zfp629	Sqstm1	0.063932	37.15	0.148	rgb(219,189,189)	1.7284	2,2
St18	Stap1	0.060684	37.12	0.125	rgb(218,193,193)	1.7278	2,2
